{
    "accuracy":[
        0.6328999996185303,
        0.8364999890327454,
        0.9089999794960022,
        0.949400007724762,
        0.9750000238418579,
        0.9889000058174133,
        0.9945999979972839,
        0.9977999925613403,
        0.9990000128746033,
        0.9994000196456909,
        0.9995999932289124,
        0.9994999766349792,
        0.9991000294685364,
        1.0,
        1.0,
        0.9994999766349792,
        1.0,
        1.0,
        0.9998999834060669,
        1.0,
        0.9998000264167786,
        1.0,
        0.9998999834060669,
        1.0,
        1.0,
        1.0,
        1.0,
        1.0,
        1.0,
        1.0,
        0.9998999834060669,
        1.0,
        1.0,
        1.0,
        0.9998999834060669,
        0.9998000264167786,
        0.9998999834060669,
        1.0,
        0.9998999834060669,
        1.0,
        1.0,
        1.0,
        1.0,
        1.0,
        1.0,
        1.0,
        1.0,
        0.9998999834060669,
        1.0,
        1.0
    ],
    "loss":[
        1.1166151762008667,
        0.49842435121536255,
        0.30704465508461,
        0.20318721234798431,
        0.133853018283844,
        0.09013894945383072,
        0.06441882252693176,
        0.0483325757086277,
        0.03660258650779724,
        0.029131628572940826,
        0.02470676228404045,
        0.02182023599743843,
        0.02136392891407013,
        0.01582440733909607,
        0.013584120199084282,
        0.013247955590486526,
        0.011351680383086205,
        0.010101265273988247,
        0.009324037469923496,
        0.008761120960116386,
        0.0088713513687253,
        0.007462486159056425,
        0.007090785074979067,
        0.0063302237540483475,
        0.006257675588130951,
        0.0059427679516375065,
        0.005410842597484589,
        0.005319919437170029,
        0.004942675121128559,
        0.004568777978420258,
        0.004571524914354086,
        0.005294893402606249,
        0.003958194050937891,
        0.0040109483525156975,
        0.00409835297614336,
        0.005343155469745398,
        0.0038956652861088514,
        0.0034435023553669453,
        0.00334943737834692,
        0.0031593572348356247,
        0.0032260967418551445,
        0.0030736953485757113,
        0.002780806738883257,
        0.003041070420295,
        0.0027980636805295944,
        0.002592712640762329,
        0.0024922604206949472,
        0.002724104793742299,
        0.0023934696801006794,
        0.0024278771597892046
    ]
}