{
    "accuracy":[
        0.43059998750686646,
        0.631600022315979,
        0.6940000057220459,
        0.7318999767303467,
        0.7660999894142151,
        0.7843999862670898,
        0.8082000017166138,
        0.8216000199317932,
        0.8364999890327454,
        0.8427000045776367,
        0.8547999858856201,
        0.8633999824523926,
        0.8684999942779541,
        0.879800021648407,
        0.878600001335144,
        0.8902999758720398,
        0.8903999924659729,
        0.8938999772071838,
        0.9000999927520752,
        0.9057000279426575,
        0.9100000262260437,
        0.9118000268936157,
        0.9174000024795532,
        0.9204999804496765,
        0.9210000038146973,
        0.9243999719619751,
        0.9246000051498413,
        0.9283000230789185,
        0.9320999979972839,
        0.9380000233650208,
        0.935699999332428,
        0.9384999871253967,
        0.9375,
        0.9394999742507935,
        0.9448999762535095,
        0.9430999755859375,
        0.9487000107765198,
        0.9506000280380249,
        0.9517999887466431,
        0.9523000121116638,
        0.9532999992370605,
        0.9580000042915344,
        0.9545999765396118,
        0.9564999938011169,
        0.9592000246047974,
        0.9570000171661377,
        0.9593999981880188,
        0.9613000154495239,
        0.9634000062942505,
        0.9627000093460083
    ],
    "loss":[
        1.910831093788147,
        1.4472615718841553,
        1.1607939004898071,
        0.9706430435180664,
        0.8536340594291687,
        0.7679541707038879,
        0.6946962475776672,
        0.6374194622039795,
        0.5925742387771606,
        0.5472986698150635,
        0.5096642374992371,
        0.4822947680950165,
        0.4587896466255188,
        0.42644551396369934,
        0.4153147339820862,
        0.387457937002182,
        0.38067516684532166,
        0.36037498712539673,
        0.3491101562976837,
        0.32682615518569946,
        0.3165004253387451,
        0.30624547600746155,
        0.29419514536857605,
        0.28433722257614136,
        0.2776144742965698,
        0.2652874290943146,
        0.25770360231399536,
        0.25383293628692627,
        0.24076855182647705,
        0.22739140689373016,
        0.22489865124225616,
        0.21903225779533386,
        0.21591508388519287,
        0.21229185163974762,
        0.19967728853225708,
        0.19964484870433807,
        0.1890600472688675,
        0.18062493205070496,
        0.1783279925584793,
        0.17728589475154877,
        0.16825947165489197,
        0.15834981203079224,
        0.1631288230419159,
        0.15941312909126282,
        0.15069052577018738,
        0.1540173888206482,
        0.1501372754573822,
        0.1388978213071823,
        0.13941824436187744,
        0.1377444714307785
    ]
}