{
    "accuracy":[
        0.09610000252723694,
        0.09700000286102295,
        0.09510000050067902,
        0.09870000183582306,
        0.10189999639987946,
        0.10000000149011612,
        0.09910000115633011,
        0.10239999741315842,
        0.10540000349283218,
        0.09860000014305115,
        0.08990000188350677,
        0.10050000250339508,
        0.10270000249147415,
        0.10429999977350235,
        0.09870000183582306,
        0.1039000004529953,
        0.09929999709129333,
        0.10329999774694443,
        0.10040000081062317,
        0.10040000081062317,
        0.09880000352859497,
        0.10000000149011612,
        0.09910000115633011,
        0.10530000180006027,
        0.10109999775886536,
        0.09529999643564224,
        0.10180000215768814,
        0.10090000182390213,
        0.1014999970793724,
        0.10589999705553055,
        0.10599999874830246,
        0.10260000079870224,
        0.09880000352859497,
        0.09860000014305115,
        0.09390000253915787,
        0.09860000014305115,
        0.10279999673366547,
        0.09939999878406525,
        0.10270000249147415,
        0.10159999877214432,
        0.09860000014305115,
        0.10320000350475311,
        0.09520000219345093,
        0.10029999911785126,
        0.09759999811649323,
        0.10080000013113022,
        0.0934000015258789,
        0.09950000047683716,
        0.10239999741315842,
        0.09769999980926514
    ],
    "loss":[
        2.3110692501068115,
        2.308218240737915,
        2.3084018230438232,
        2.3074584007263184,
        2.307055711746216,
        2.3066744804382324,
        2.307300329208374,
        2.3055899143218994,
        2.3060336112976074,
        2.3069920539855957,
        2.308973789215088,
        2.306856870651245,
        2.3069045543670654,
        2.3064963817596436,
        2.306640625,
        2.306783437728882,
        2.3076369762420654,
        2.3065056800842285,
        2.306751012802124,
        2.3074605464935303,
        2.306899070739746,
        2.304966688156128,
        2.30686354637146,
        2.30619215965271,
        2.3072519302368164,
        2.308810234069824,
        2.307478904724121,
        2.3069167137145996,
        2.3056154251098633,
        2.3052680492401123,
        2.3062357902526855,
        2.3053839206695557,
        2.306654214859009,
        2.3073484897613525,
        2.3086860179901123,
        2.3087399005889893,
        2.3059730529785156,
        2.3064284324645996,
        2.3051297664642334,
        2.3049700260162354,
        2.307116985321045,
        2.3055429458618164,
        2.3076248168945312,
        2.3072574138641357,
        2.307159662246704,
        2.3071064949035645,
        2.3082592487335205,
        2.3066134452819824,
        2.306823253631592,
        2.3068838119506836
    ]
}