{
    "accuracy":[
        0.09860000014305115,
        0.10440000146627426,
        0.10670000314712524,
        0.10869999974966049,
        0.1200999990105629,
        0.12690000236034393,
        0.13449999690055847,
        0.1404000073671341,
        0.1412000060081482,
        0.1467999964952469,
        0.15440000593662262,
        0.16429999470710754,
        0.1680999994277954,
        0.1729000061750412,
        0.17080000042915344,
        0.1817999929189682,
        0.18250000476837158,
        0.18930000066757202,
        0.19370000064373016,
        0.19869999587535858,
        0.20479999482631683,
        0.20430000126361847,
        0.21559999883174896,
        0.2159000039100647,
        0.2176000028848648,
        0.22139999270439148,
        0.22190000116825104,
        0.22789999842643738,
        0.2337999939918518,
        0.23929999768733978,
        0.23759999871253967,
        0.25060001015663147,
        0.25200000405311584,
        0.25450000166893005,
        0.2476000040769577,
        0.2612000107765198,
        0.2624000012874603,
        0.2678999900817871,
        0.26739999651908875,
        0.2703000009059906,
        0.2694000005722046,
        0.2712000012397766,
        0.2802000045776367,
        0.28110000491142273,
        0.2827000021934509,
        0.28949999809265137,
        0.28780001401901245,
        0.2996000051498413,
        0.28600001335144043,
        0.2971999943256378
    ],
    "loss":[
        2.431562900543213,
        2.36179518699646,
        2.3311688899993896,
        2.322737693786621,
        2.3089027404785156,
        2.300774335861206,
        2.294386148452759,
        2.28464412689209,
        2.283186674118042,
        2.273446559906006,
        2.266375780105591,
        2.257371187210083,
        2.252251148223877,
        2.24739933013916,
        2.249342679977417,
        2.2403106689453125,
        2.23542857170105,
        2.2306010723114014,
        2.227060079574585,
        2.2197890281677246,
        2.2147789001464844,
        2.2139573097229004,
        2.206737995147705,
        2.2041561603546143,
        2.1998934745788574,
        2.198676586151123,
        2.194411516189575,
        2.1946043968200684,
        2.182408332824707,
        2.1829328536987305,
        2.1805531978607178,
        2.177300214767456,
        2.167672634124756,
        2.1680805683135986,
        2.168550729751587,
        2.1640431880950928,
        2.16229248046875,
        2.156395196914673,
        2.1575849056243896,
        2.151313543319702,
        2.148996353149414,
        2.1435835361480713,
        2.142230749130249,
        2.1398401260375977,
        2.137328624725342,
        2.131291627883911,
        2.131516456604004,
        2.1265835762023926,
        2.1288983821868896,
        2.1209981441497803
    ]
}