{
    "accuracy":[
        0.13779999315738678,
        0.20960000157356262,
        0.26829999685287476,
        0.3174999952316284,
        0.3603000044822693,
        0.3944999873638153,
        0.42320001125335693,
        0.445499986410141,
        0.4650000035762787,
        0.48899999260902405,
        0.5098000168800354,
        0.5195000171661377,
        0.5317999720573425,
        0.5486000180244446,
        0.5597000122070312,
        0.5716000199317932,
        0.5766000151634216,
        0.5817000269889832,
        0.5857999920845032,
        0.5950999855995178,
        0.5979999899864197,
        0.6140000224113464,
        0.6177999973297119,
        0.6118000149726868,
        0.628000020980835,
        0.6315000057220459,
        0.6363000273704529,
        0.6365000009536743,
        0.6373000144958496,
        0.6456000208854675,
        0.6510000228881836,
        0.6575000286102295,
        0.6521999835968018,
        0.6661999821662903,
        0.6593999862670898,
        0.6643999814987183,
        0.670799970626831,
        0.6769999861717224,
        0.6783000230789185,
        0.6815000176429749,
        0.6820999979972839,
        0.6868000030517578,
        0.6866999864578247,
        0.6865000128746033,
        0.689300000667572,
        0.691100001335144,
        0.6876999735832214,
        0.70169997215271,
        0.6967999935150146,
        0.6992999911308289
    ],
    "loss":[
        2.697849988937378,
        2.299816131591797,
        2.1020123958587646,
        1.9578450918197632,
        1.8421043157577515,
        1.7528446912765503,
        1.6723361015319824,
        1.6151500940322876,
        1.565711259841919,
        1.5153528451919556,
        1.4670828580856323,
        1.4328349828720093,
        1.3848928213119507,
        1.3591997623443604,
        1.3307784795761108,
        1.298120379447937,
        1.2742657661437988,
        1.2691080570220947,
        1.2397496700286865,
        1.2259035110473633,
        1.2070438861846924,
        1.1811327934265137,
        1.1618201732635498,
        1.1572468280792236,
        1.134293794631958,
        1.1270782947540283,
        1.1096420288085938,
        1.1021078824996948,
        1.0921688079833984,
        1.0825327634811401,
        1.0597373247146606,
        1.0573946237564087,
        1.045242428779602,
        1.0365229845046997,
        1.0324071645736694,
        1.0212583541870117,
        1.008750081062317,
        0.9939446449279785,
        0.9889237284660339,
        0.9890310764312744,
        0.978925883769989,
        0.9699425101280212,
        0.9621367454528809,
        0.9641259908676147,
        0.9530410170555115,
        0.9443784952163696,
        0.9472633600234985,
        0.9273305535316467,
        0.9323796033859253,
        0.9282344579696655
    ]
}