{
    "accuracy":[
        0.09849999845027924,
        0.10010000318288803,
        0.09570000320672989,
        0.09790000319480896,
        0.1005999967455864,
        0.09780000150203705,
        0.10270000249147415,
        0.10019999742507935,
        0.10090000182390213,
        0.09570000320672989,
        0.0997999981045723,
        0.0997999981045723,
        0.10239999741315842,
        0.10589999705553055,
        0.1031000018119812,
        0.1046999990940094,
        0.10509999841451645,
        0.10400000214576721,
        0.10459999740123749,
        0.10130000114440918,
        0.10480000078678131,
        0.10679999738931656,
        0.1031000018119812,
        0.10719999670982361,
        0.10589999705553055,
        0.1071000024676323,
        0.10639999806880951,
        0.11060000211000443,
        0.11150000244379044,
        0.10930000245571136,
        0.10840000212192535,
        0.11230000108480453,
        0.10700000077486038,
        0.10750000178813934,
        0.10719999670982361,
        0.11240000277757645,
        0.10869999974966049,
        0.11219999939203262,
        0.10930000245571136,
        0.10890000313520432,
        0.11050000041723251,
        0.11169999837875366,
        0.1145000010728836,
        0.11050000041723251,
        0.10750000178813934,
        0.10570000112056732,
        0.11159999668598175,
        0.11180000007152557,
        0.11620000004768372,
        0.11469999700784683
    ],
    "loss":[
        2.3736085891723633,
        2.3648383617401123,
        2.362813949584961,
        2.3589935302734375,
        2.359151840209961,
        2.354487419128418,
        2.348853588104248,
        2.349430561065674,
        2.3483574390411377,
        2.348187208175659,
        2.3539514541625977,
        2.350919723510742,
        2.3514606952667236,
        2.3398091793060303,
        2.3416008949279785,
        2.3464720249176025,
        2.337996006011963,
        2.3457393646240234,
        2.3429088592529297,
        2.342878818511963,
        2.3389878273010254,
        2.3326101303100586,
        2.3401360511779785,
        2.3346712589263916,
        2.3369834423065186,
        2.3363711833953857,
        2.3302204608917236,
        2.3314175605773926,
        2.333732843399048,
        2.3324337005615234,
        2.332047939300537,
        2.329421043395996,
        2.3319547176361084,
        2.3329904079437256,
        2.3304026126861572,
        2.3253819942474365,
        2.3287296295166016,
        2.3246705532073975,
        2.329612970352173,
        2.3293745517730713,
        2.3204636573791504,
        2.322460651397705,
        2.324406147003174,
        2.325932502746582,
        2.329446792602539,
        2.3265135288238525,
        2.3166897296905518,
        2.322251081466675,
        2.3217248916625977,
        2.3191170692443848
    ]
}