{
    "accuracy":[
        0.5012803077697754,
        0.6843367218971252,
        0.7537455558776855,
        0.7949332594871521,
        0.82326340675354,
        0.8416235446929932,
        0.8594388365745544,
        0.8693544268608093,
        0.8789975643157959,
        0.887660026550293,
        0.892890214920044,
        0.9013892412185669,
        0.9065649509429932,
        0.9118496179580688,
        0.9160991311073303,
        0.9175156354904175,
        0.9210569262504578,
        0.9287387728691101,
        0.9315173029899597,
        0.9329338073730469,
        0.9364206194877625,
        0.9381639957427979,
        0.9413238763809204,
        0.9418687224388123,
        0.9441568851470947,
        0.948406457901001,
        0.9504767060279846,
        0.9529828429222107,
        0.9535276293754578,
        0.9542359113693237,
        0.9551076292991638,
        0.9570144414901733,
        0.959084689617157,
        0.9608826041221619,
        0.9602832794189453,
        0.9636066555976868,
        0.9641514420509338,
        0.9644783735275269,
        0.9672569036483765,
        0.9680740833282471,
        0.9660583138465881,
        0.9694361090660095,
        0.9709070920944214,
        0.9730318784713745,
        0.972432553768158,
        0.9702533483505249,
        0.9734677076339722,
        0.9738490581512451,
        0.9737401008605957,
        0.9740670323371887
    ],
    "loss":[
        1.7222058773040771,
        1.155017614364624,
        0.8838452696800232,
        0.726516604423523,
        0.6255770325660706,
        0.5521926879882812,
        0.4914129078388214,
        0.4533921778202057,
        0.41827601194381714,
        0.3872113525867462,
        0.3616029620170593,
        0.3417885899543762,
        0.31902387738227844,
        0.3022506833076477,
        0.2883284389972687,
        0.28047341108322144,
        0.2623918056488037,
        0.24796414375305176,
        0.23830479383468628,
        0.22866369783878326,
        0.21900804340839386,
        0.21183086931705475,
        0.20290984213352203,
        0.1990024894475937,
        0.18911752104759216,
        0.18079185485839844,
        0.1688774973154068,
        0.16583137214183807,
        0.16343803703784943,
        0.15711165964603424,
        0.1567634791135788,
        0.14855976402759552,
        0.14439617097377777,
        0.14047303795814514,
        0.13659252226352692,
        0.130173921585083,
        0.1272011250257492,
        0.12434875220060349,
        0.11603409051895142,
        0.11611776053905487,
        0.11825798451900482,
        0.11223437637090683,
        0.10929038375616074,
        0.1035335510969162,
        0.10304690152406693,
        0.10353714972734451,
        0.09877923130989075,
        0.09704481065273285,
        0.09363408386707306,
        0.09357881546020508
    ]
}