{
    "accuracy":[
        0.10977935045957565,
        0.1517297774553299,
        0.1302097588777542,
        0.11620812118053436,
        0.10918006300926208,
        0.10847180336713791,
        0.10803595930337906,
        0.10781802982091904,
        0.10879869014024734,
        0.1120130717754364,
        0.11462816596031189,
        0.1310814470052719,
        0.15516208112239838,
        0.2330700010061264,
        0.26526832580566406,
        0.2981748878955841,
        0.33031871914863586,
        0.36916372179985046,
        0.4039226472377777,
        0.44211387634277344,
        0.47382184863090515,
        0.5022609829902649,
        0.5249251127243042,
        0.5432307124137878,
        0.5589757561683655,
        0.5706347227096558,
        0.5847452878952026,
        0.5979841947555542,
        0.6107872724533081,
        0.6187959909439087,
        0.6299101114273071,
        0.6353037357330322,
        0.640207052230835,
        0.6495233178138733,
        0.6525742411613464,
        0.6603105664253235,
        0.6630890965461731,
        0.6701171398162842,
        0.6727867126464844,
        0.6753473281860352,
        0.6814491748809814,
        0.6845001578330994,
        0.6890220642089844,
        0.6894034147262573,
        0.6916916370391846,
        0.6977935433387756,
        0.7012802958488464,
        0.7030781507492065,
        0.706020176410675,
        0.7085263133049011
    ],
    "loss":[
        2.3018312454223633,
        2.300295352935791,
        2.2989625930786133,
        2.2976441383361816,
        2.2962687015533447,
        2.294771432876587,
        2.2930328845977783,
        2.2909374237060547,
        2.2883002758026123,
        2.284968852996826,
        2.2807693481445312,
        2.275343656539917,
        2.267902374267578,
        2.25634503364563,
        2.23568058013916,
        2.194476366043091,
        2.095493793487549,
        1.9061681032180786,
        1.7355972528457642,
        1.6124999523162842,
        1.521198034286499,
        1.447502613067627,
        1.3830740451812744,
        1.331302285194397,
        1.283829927444458,
        1.242190957069397,
        1.2076771259307861,
        1.1771644353866577,
        1.1495442390441895,
        1.122514247894287,
        1.0994802713394165,
        1.07902193069458,
        1.0611355304718018,
        1.0439231395721436,
        1.0279730558395386,
        1.0097997188568115,
        0.9950565099716187,
        0.9824563264846802,
        0.968731164932251,
        0.957165002822876,
        0.9458354711532593,
        0.9344561100006104,
        0.9241876602172852,
        0.912638783454895,
        0.9058064818382263,
        0.8951432108879089,
        0.8876065015792847,
        0.8789055943489075,
        0.8697169423103333,
        0.861209511756897
    ]
}