{
    "accuracy":[
        0.24480000138282776,
        0.46540001034736633,
        0.61080002784729,
        0.692300021648407,
        0.7441999912261963,
        0.7886000275611877,
        0.8187000155448914,
        0.8413000106811523,
        0.8618000149726868,
        0.8790000081062317,
        0.8952999711036682,
        0.9085000157356262,
        0.9192000031471252,
        0.9300000071525574,
        0.9351000189781189,
        0.9412999749183655,
        0.9509999752044678,
        0.9553999900817871,
        0.9593999981880188,
        0.96670001745224,
        0.9679999947547913,
        0.974399983882904,
        0.9787999987602234,
        0.9800000190734863,
        0.9829999804496765,
        0.9818999767303467,
        0.9865000247955322,
        0.9879000186920166,
        0.9896000027656555,
        0.9896000027656555,
        0.993399977684021,
        0.9922000169754028,
        0.9940999746322632,
        0.9937000274658203,
        0.9926999807357788,
        0.9945999979972839,
        0.9959999918937683,
        0.9970999956130981,
        0.9958999752998352,
        0.9969000220298767,
        0.9972000122070312,
        0.9983999729156494,
        0.9969000220298767,
        0.996999979019165,
        0.9977999925613403,
        0.9976000189781189,
        0.9980999827384949,
        0.9991999864578247,
        0.9983999729156494,
        0.9983999729156494
    ],
    "loss":[
        2.0828700065612793,
        1.6190381050109863,
        1.272046446800232,
        0.992838978767395,
        0.7961834669113159,
        0.6689004898071289,
        0.5802815556526184,
        0.5067196488380432,
        0.44759491086006165,
        0.39135807752609253,
        0.3442527651786804,
        0.3077579736709595,
        0.27478188276290894,
        0.24415752291679382,
        0.2244318574666977,
        0.1995309740304947,
        0.17917345464229584,
        0.16304589807987213,
        0.15300871431827545,
        0.12907595932483673,
        0.1257110983133316,
        0.10921008139848709,
        0.09498289227485657,
        0.09080716222524643,
        0.07844964414834976,
        0.07782541215419769,
        0.06900777667760849,
        0.06179705634713173,
        0.057527221739292145,
        0.05309377610683441,
        0.0445367656648159,
        0.04478832334280014,
        0.0402056947350502,
        0.03884821757674217,
        0.04367493838071823,
        0.03538157045841217,
        0.031183788552880287,
        0.027897464111447334,
        0.02863071858882904,
        0.025313006713986397,
        0.02416793443262577,
        0.020207088440656662,
        0.02252487652003765,
        0.02272174134850502,
        0.019192881882190704,
        0.01876910775899887,
        0.018244890496134758,
        0.016081178560853004,
        0.015500489622354507,
        0.016907010227441788
    ]
}